{
  "selectedPart": "rElbow",
  "elbowDelta": {
    "x": 112.8351441682471,
    "y": 84.06517951629667
  },
  "shoulderDelta": {
    "x": 0,
    "y": 0
  },
  "wristDelta": {
    "x": 34.91444365311244,
    "y": 522.1647916930528
  }
}